{
  "summary": {
    "no_rewrite": {
      "bleu1_mean": 0.8730607899725548,
      "bleu1_std": 0.11322838722668309,
      "rougeL_mean": 0.6500556667349642,
      "rougeL_std": 0.1853898458185985,
      "sbert_mean": 0.6479843991498152,
      "sbert_std": 0.17030380520561256,
      "judge_mean": 4.708333333333333,
      "judge_std": 0.7117564346194717
    },
    "direct_rewrite": {
      "bleu1_mean": 0.5650150077152655,
      "bleu1_std": 0.1908965069132279,
      "rougeL_mean": 0.6075475501765832,
      "rougeL_std": 0.1950410209809977,
      "sbert_mean": 0.8507445265849432,
      "sbert_std": 0.12325171459711591,
      "judge_mean": 4.725,
      "judge_std": 0.6578056957288628
    },
    "always_clarify": {
      "bleu1_mean": 0.5293989724422263,
      "bleu1_std": 0.18404806903265736,
      "rougeL_mean": 0.5527986096570979,
      "rougeL_std": 0.1844905398566245,
      "sbert_mean": 0.8425297990441323,
      "sbert_std": 0.11803387601017042,
      "judge_mean": 4.45,
      "judge_std": 0.7285830998131466
    },
    "gated_clarify": {
      "bleu1_mean": 0.5683497993235238,
      "bleu1_std": 0.2031103071342121,
      "rougeL_mean": 0.6009771846151932,
      "rougeL_std": 0.20439929000575174,
      "sbert_mean": 0.8505448053280512,
      "sbert_std": 0.12352427133267703,
      "judge_mean": 4.566666666666666,
      "judge_std": 0.6920179830675565
    }
  },
  "pairwise_stats": {
    "bleu1": {
      "t_stat": 0.2594468106145395,
      "p_val": 0.7957388192986815,
      "cohens_d": 0.023783449965288743
    },
    "rougeL": {
      "t_stat": -0.4497657198152772,
      "p_val": 0.6536975735148136,
      "cohens_d": -0.041229955678224364
    },
    "sbert_cosine": {
      "t_stat": -0.031139201850403343,
      "p_val": 0.9752106924886272,
      "cohens_d": -0.0028545259126945715
    },
    "judge_score": {
      "t_stat": -2.0170454613664646,
      "p_val": 0.04594134881870149,
      "cohens_d": -0.18490225407129168,
      "n": 120
    }
  },
  "clarification_rate": {
    "always_clarify": 1.0,
    "gated_clarify": 0.5666666666666667,
    "direct_rewrite": 0.0,
    "no_rewrite": 0.0
  },
  "timestamp": "2026-02-08T23:37:19.191797"
}